customer_id,age,tenure,balance,churn
430,32.8,1,10155.49,1
1493,50.1,11,40046.73,1
1455,28.2,14,1841.87,0
751,18.5,7,17717.74,0
1777,40.3,10,15339.98,0
943,42.6,10,16372.01,0
1484,58.4,1,32761.18,1
1268,60.9,7,40143.34,1
794,55.2,8,7225.13,1
145,27.8,15,34103.72,1
483,63.2,12,35069.35,0
814,64.1,12,43554.84,0
855,19.9,12,36586.73,1
9,68.5,10,29731.32,1
1425,25.2,14,37320.54,0
242,48.9,11,10535.39,0
1746,68.4,12,12450.52,0
1263,62.3,6,44368.55,1
1769,60.2,4,41922.62,0
1780,63.5,3,9390.87,0
741,36.3,3,2463.82,0
1158,21.6,4,2885.51,0
1343,68.3,2,39934.93,1
1696,38.3,11,10589.51,1
378,34.8,2,41793.96,1
137,34.5,9,5280.95,0
425,39.7,11,25184.03,1
1714,26.3,4,22486.01,0
673,37.3,8,18940.84,0
1715,70.8,4,23346.94,0
1234,40.1,9,44013.3,0
569,65.0,13,44326.63,1
1717,19.7,7,11719.46,0
1155,45.3,1,48406.11,0
1992,53.7,5,44483.79,0
908,61.7,1,44756.24,0
267,55.0,13,41428.06,1
664,24.0,5,45145.72,1
247,26.4,14,4277.8,1
415,53.7,10,11874.94,0
556,39.6,9,1304.97,0
1221,34.7,12,36915.26,0
761,63.1,8,43153.44,0
658,38.3,8,19043.06,0
1531,46.1,5,1314.14,0
1796,56.9,7,23872.08,1
57,45.4,8,45096.15,1
1194,42.1,3,47806.65,1
1032,56.1,2,28669.2,1
1948,50.2,8,49586.66,1
543,61.4,14,27364.11,0
1881,60.6,9,13955.03,1
487,44.7,2,7650.03,1
177,18.7,8,10082.56,1
974,69.3,8,25310.52,0
1705,39.5,13,21855.89,0
1800,48.2,12,12122.29,1
596,63.9,11,33577.98,1
1009,21.7,5,4043.01,0
1830,26.9,4,39155.62,0
1695,56.4,6,28391.64,1
1239,21.3,15,7024.85,1
473,72.2,14,46064.84,1
1487,31.2,15,42387.14,1
1110,42.7,11,42968.62,1
605,44.5,2,21414.56,0
602,56.4,13,887.37,1
1129,52.2,6,24288.43,0
56,61.3,15,25672.86,0
1320,43.3,9,15955.07,0
468,59.9,13,43801.2,1
1286,69.0,11,41518.25,1
1590,33.7,9,4689.14,1
1703,69.8,5,18759.79,1
1766,53.4,12,30969.55,0
1642,48.9,13,35317.76,1
168,29.8,2,40504.28,0
1105,39.6,4,29770.96,1
1699,64.9,9,44159.03,1
1320,48.6,4,2572.64,0
1537,24.6,12,38797.21,0
895,24.4,15,13639.15,0
924,47.5,4,20321.84,0
561,70.6,3,45425.68,0
583,68.2,6,6330.33,0
932,49.4,12,19785.58,1
1056,45.6,13,3492.95,1
716,48.9,15,13980.42,1
1364,69.4,14,48030.34,0
637,68.6,8,13234.25,1
1132,29.3,11,11785.48,0
588,26.9,3,40996.35,0
195,45.1,9,48797.52,1
1243,18.0,2,27977.18,1
1313,53.0,12,1625.53,1
1259,60.2,11,34006.72,0
277,38.9,4,11190.32,0
9,62.8,1,38666.05,1
1766,20.7,12,26374.95,0
1581,63.2,9,16212.41,1
191,36.1,13,5720.14,1
1442,38.2,10,3673.15,1
1328,28.1,3,36400.64,1
487,56.2,1,17216.57,0
491,38.0,3,35689.39,1
1748,20.8,4,13723.49,1
906,29.9,11,5538.29,1
1111,22.3,9,22146.49,0
758,58.7,11,17528.71,1
1500,31.8,7,49879.67,0
630,20.0,14,19312.41,0
811,55.1,14,30250.05,0
742,29.0,3,13622.91,1
1347,73.5,7,15818.77,1
81,60.6,15,31576.76,0
1205,23.1,5,15350.7,0
703,36.3,7,41723.12,0
848,24.4,15,30335.38,1
1500,31.4,12,16018.57,1
1834,44.0,6,49916.79,0
698,69.1,12,42341.17,1
767,55.2,1,42373.8,0
81,39.4,7,20580.0,0
652,75.0,3,14699.41,0
448,29.4,15,20360.46,1
19,68.8,10,5461.49,0
497,34.3,15,1015.73,1
336,31.9,7,5210.27,0
96,50.5,1,47126.32,1
95,43.1,2,38191.14,0
1152,73.5,2,47946.25,0
1692,57.0,5,15830.77,1
136,61.6,15,40225.58,0
795,24.2,2,25839.23,0
382,21.1,4,17042.71,0
1420,73.4,3,46190.21,1
1261,53.5,1,30124.13,0
81,42.7,7,30622.46,0
1033,21.2,14,20491.82,0
107,42.7,11,27777.73,1
808,44.9,8,3083.0,1
116,69.5,10,33211.59,0
1667,69.6,11,31966.45,0
1239,40.7,6,27201.12,0
1312,37.5,6,6787.48,0
1535,53.0,10,20408.23,0
1310,58.4,8,32276.57,1
1343,74.1,12,36898.99,0
956,24.1,1,10101.09,0
1109,23.3,7,39256.36,0
899,55.3,3,21174.04,0
1738,61.2,4,28183.06,1
359,37.7,9,20578.24,0
1661,42.8,5,36082.86,0
1358,46.0,4,6313.57,1
182,73.5,9,5403.46,0
1173,35.4,13,3840.45,0
1800,29.0,8,2690.07,1
1486,33.2,13,18247.07,0
955,50.5,11,49787.06,0
1209,40.2,9,19123.45,1
278,48.1,3,15429.6,1
1534,60.0,11,32684.76,0
740,23.2,7,44200.05,0
486,72.9,3,18950.54,1
1943,67.6,13,29693.52,0
1305,45.8,3,41744.22,1
1836,26.5,5,45275.78,0
1388,42.0,3,4444.04,0
1446,32.8,6,8651.61,0
642,48.3,9,772.77,0
932,41.7,11,46561.49,0
543,74.5,7,31070.19,0
395,50.5,8,38300.71,1
421,38.5,12,45064.8,1
585,71.9,14,30159.73,0
828,69.9,10,6638.81,1
796,45.1,4,2695.43,0
242,66.7,2,8762.33,0
755,51.6,4,18966.02,0
1425,35.9,12,17053.28,0
1442,66.6,1,46335.23,1
265,56.5,3,6036.45,0
843,38.1,13,9349.11,1
109,28.5,13,7844.24,1
840,73.6,9,29604.85,0
929,36.6,10,40687.86,0
1620,24.3,13,24405.98,1
985,21.0,13,19745.03,0
744,34.2,9,29091.06,1
1220,55.2,2,4966.03,1
1787,33.3,12,28870.11,0
78,29.5,4,44632.8,0
1071,19.8,8,9380.25,0
735,62.2,5,2113.84,0
1010,27.7,13,14674.92,1
1362,64.2,8,24619.75,1
1720,42.1,7,40809.57,1
541,18.1,8,49664.66,0
2,27.4,8,27255.45,1
468,73.1,7,48356.98,0
1068,66.5,1,2427.72,1
996,55.6,14,44239.56,0
571,23.1,9,26882.19,0
1574,68.7,13,41355.07,1
1112,38.0,3,38415.22,0
272,67.8,7,18321.89,0
1555,50.7,12,5133.03,0
253,33.0,5,18794.59,1
779,63.5,6,6674.07,0
577,56.1,15,36555.47,1
467,69.2,4,21734.27,0
1390,46.1,7,39380.05,1
1149,23.2,14,28512.89,0
1157,23.8,4,1536.45,0
887,56.2,10,29984.8,1
1490,19.0,1,12307.33,0
1028,46.1,15,48255.15,1
1479,56.1,12,39539.05,1
1086,65.5,4,3684.96,1
740,74.2,10,12936.05,0
932,70.1,1,40439.24,1
1067,31.0,7,44180.52,0
815,71.2,14,18246.19,1
525,71.4,15,13409.36,0
1258,38.1,8,44599.87,1
128,24.5,12,37932.49,1
1879,26.4,8,17815.25,0
205,46.5,7,9286.04,0
1500,26.7,5,36643.18,1
756,23.1,4,30232.51,1
982,46.9,12,13896.61,1
121,58.8,6,48502.31,0
1055,55.3,6,37397.25,1
668,73.5,11,4179.24,0
1820,27.8,15,17433.61,0
1600,66.1,10,41332.49,0
634,72.8,11,21056.41,0
533,47.3,3,30416.14,1
784,36.3,6,31919.83,1
1950,68.8,2,11851.31,1
388,35.9,8,671.79,0
1468,37.2,6,16432.47,0
1055,25.9,13,27160.09,1
1702,46.6,3,35153.0,0
231,33.7,8,11979.08,0
319,40.3,10,14857.52,0
213,38.7,9,27840.51,0
494,38.6,7,7069.42,1
1512,72.8,7,10835.32,1
840,40.5,1,29564.27,1
532,43.5,1,29616.98,1
1145,26.0,10,32045.54,1
1704,60.4,10,24776.17,0
59,45.3,13,43444.15,0
1720,20.2,1,26166.45,0
294,39.1,7,47770.73,1
1690,62.7,5,13903.76,0
508,63.3,12,31907.66,1
1060,39.3,5,2439.67,1
774,59.8,11,14224.86,0
1559,51.7,2,33384.74,0
1243,28.9,14,9977.88,0
1519,57.9,4,7575.58,0
870,36.1,5,8123.02,0
1276,69.4,4,45536.83,1
1576,49.7,4,44137.68,1
256,25.5,15,32280.71,1
286,60.3,13,26187.84,1
1971,32.2,8,13721.21,1
646,57.6,5,24000.21,0
46,24.6,11,49079.82,0
1121,71.4,11,43316.56,1
768,44.4,14,22513.49,1
1869,25.3,4,8966.49,0
485,21.7,9,10284.86,1
1598,64.9,6,45253.2,1
893,55.2,5,7633.0,0
1688,32.1,3,17280.89,1
1016,18.5,15,23512.38,0
670,64.7,6,33929.47,1
1293,38.1,13,44085.68,0
1219,24.0,5,29697.89,1
294,50.6,10,15551.56,1
738,42.7,9,6705.68,1
1762,41.8,9,29545.7,0
900,26.6,4,40946.34,0
1699,54.7,4,23942.84,1
302,21.9,3,3024.61,1
1313,35.0,4,14990.28,0
1756,53.2,3,30801.98,0
1060,38.7,15,14832.43,0
23,56.5,14,36436.25,0
734,61.5,6,27173.13,0
1700,74.6,8,28615.75,0
595,48.7,15,29311.79,1
763,67.5,1,39843.63,0
1827,69.3,1,33289.98,0
1248,43.8,15,12619.49,0
1603,70.9,13,32492.48,0
908,68.2,10,44530.95,0
620,31.7,5,41216.01,1
613,58.5,10,48759.26,1
48,51.0,14,38333.13,0
1495,53.9,11,23735.97,0
1887,53.9,12,12495.22,1
11,27.0,14,35818.57,0
642,51.5,14,5692.81,0
1687,67.3,12,832.56,1
1592,35.0,10,27067.36,0
297,48.9,15,38622.19,0
987,41.5,14,27518.66,1
590,65.7,4,1539.26,1
880,59.9,2,48158.74,0
1055,69.6,9,27125.78,1
1504,23.6,4,24412.29,0
1542,72.3,4,16262.14,0
118,59.6,10,2782.41,1
327,18.8,2,5281.96,0
238,59.8,6,24435.9,0
1920,65.8,11,32819.41,0
1576,36.6,1,21885.94,1
311,18.5,2,37182.32,0
43,35.2,13,35531.91,1
239,37.0,10,7169.08,1
916,44.4,6,7782.21,0
6,68.2,8,39661.56,0
1123,57.2,10,31179.12,0
943,47.0,6,15554.04,0
1176,51.4,8,26398.92,0
797,70.7,4,24026.59,1
1415,60.3,4,5391.16,1
1639,42.8,11,26174.94,0
1365,68.2,6,6204.49,0
1549,68.3,7,16191.4,1
1548,69.1,6,11788.88,1
1864,23.3,1,8053.85,1
420,72.3,14,25022.94,1
1334,37.4,6,13300.79,0
1814,49.6,1,41352.36,0
862,22.4,3,32555.6,1
1604,21.8,2,10940.42,0
665,42.1,12,5620.77,0
542,56.6,6,40261.61,0
1518,51.5,14,39077.2,0
1186,59.6,12,29180.96,1
535,38.5,8,35465.37,0
1226,40.0,1,41267.04,0
192,56.3,7,30022.46,1
353,74.7,7,14330.49,0
335,30.7,2,12023.13,0
1272,46.3,6,7141.5,1
905,55.6,1,42496.8,1
1693,46.2,9,7785.76,1
1068,21.7,5,46541.69,0
1242,48.2,8,14349.84,0
1976,53.4,13,30696.26,0
628,68.3,10,12047.09,0
1457,73.6,15,30484.25,0
95,24.3,3,27074.65,1
790,34.6,3,28668.23,0
945,21.7,6,11728.42,0
262,60.5,1,39774.46,0
322,67.1,7,4621.71,0
209,70.2,2,34044.4,1
103,57.7,12,1775.63,0
1272,57.1,15,44998.07,1
1072,21.5,1,13699.9,1
195,35.3,15,44439.63,0
300,28.4,2,15298.85,1
1051,50.3,2,8689.29,0
239,36.7,13,3270.72,1
216,35.6,4,9354.23,0
834,42.0,4,3544.08,0
1050,68.2,1,49603.59,1
488,29.7,14,27129.32,1
490,40.9,12,20087.02,1
1738,20.3,14,36703.32,1
1635,49.6,12,18253.43,0
627,40.3,3,24386.78,0
705,47.0,15,23060.56,0
919,22.9,7,47835.02,1
163,50.2,1,33384.02,1
398,61.2,5,11200.49,0
15,72.9,4,9249.68,1
123,48.5,2,10706.39,0
1561,41.7,11,42767.43,0
1021,66.9,2,49262.91,0
1197,22.4,5,9191.22,0
176,20.8,6,48665.29,0
1966,73.3,2,23835.23,1
206,18.8,4,42402.27,0
246,33.8,12,19187.56,0
701,59.1,15,20979.06,0
1660,36.4,1,25658.95,1
1615,39.9,9,31031.73,1
1592,32.7,13,34862.88,1
19,32.6,7,46880.68,1
1794,32.7,5,46798.34,0
650,30.8,1,33415.62,0
1728,21.9,6,47583.25,0
541,48.8,6,4564.02,0
600,27.4,5,23576.75,1
275,43.8,5,10940.84,1
1079,59.9,1,45458.47,0
741,66.1,3,40260.17,1
258,21.2,4,42634.35,1
581,35.4,9,41965.92,1
486,46.6,13,23987.31,0
355,29.2,12,9195.98,0
697,52.1,12,20812.19,1
149,39.7,13,17065.48,0
1220,39.6,13,46343.89,1
553,43.2,5,44224.91,0
1917,44.0,7,16266.22,1
1229,32.7,10,45681.88,1
1264,55.5,10,42820.44,0
938,46.3,15,43177.88,0
1261,26.6,14,19218.94,0
1196,27.4,7,24027.63,0
984,60.3,6,10606.33,0
532,56.3,3,30445.95,1
1515,23.9,4,3919.06,1
197,24.5,15,19462.11,1
8,55.1,8,3411.87,0
113,52.3,4,29832.86,1
1095,30.4,5,39681.38,0
1455,53.1,7,46592.49,0
355,60.3,1,3876.38,0
731,74.6,6,26583.95,1
1790,20.9,3,35941.49,0
1461,49.5,10,4097.72,1
1232,70.9,2,40939.39,1
555,20.2,6,13760.66,1
1856,53.9,4,5809.47,0
550,69.1,1,40753.5,0
1886,33.3,14,43946.74,1
672,42.9,14,42852.69,1
1761,21.9,5,20783.04,0
211,46.2,4,46008.91,1
532,63.4,14,32553.78,1
1574,22.6,12,43063.67,1
1871,56.9,8,939.49,1
973,27.1,6,17754.46,0
1126,67.0,6,24872.87,1
1246,43.9,13,3491.84,1
162,44.1,12,5579.16,1
95,22.9,1,43954.31,0
851,29.7,14,35671.81,1
1866,58.9,1,31313.1,0
311,40.4,3,11607.22,0
1154,35.7,12,22754.06,0
1782,27.2,5,8739.88,0
1970,41.0,6,35247.81,0
1225,56.1,10,11126.16,0
1459,40.7,7,16951.2,0
401,18.5,12,18535.47,0
1891,44.5,3,9389.29,1
1693,37.1,6,38698.92,0
891,67.2,9,3573.63,0
41,44.9,9,31990.73,0
82,54.7,14,30561.52,0
1080,54.7,6,16087.85,0
1769,70.7,8,18592.6,1
1337,74.4,1,20793.13,1
1018,74.1,1,32275.32,1
1321,63.7,1,27026.95,0
518,58.5,12,6695.74,1
400,38.9,12,19408.62,1
257,25.9,10,41129.39,1
1892,46.7,1,10651.84,1
1989,38.7,13,49824.13,0
1804,50.9,3,2363.56,1
760,64.8,5,47874.31,0
1524,58.8,3,23464.61,0
611,52.0,3,25624.18,0
1464,62.4,2,36097.94,0
953,21.1,8,8725.38,0
219,26.7,4,4822.45,0
1946,59.5,8,38670.08,1
1355,46.0,3,18377.09,0
1666,43.3,13,46225.71,1
1288,40.2,1,6209.25,1
1459,56.3,7,26662.76,1
1463,25.3,11,18170.39,1
22,71.1,3,39009.2,0
878,68.7,12,7597.58,1
1489,21.8,12,21392.66,1
911,28.8,6,2984.56,0
56,20.0,12,45719.08,1
1990,24.6,11,11453.11,1
1787,26.9,6,45090.64,1
2000,25.4,11,6373.22,1
813,23.7,5,28280.62,1
81,55.9,6,45582.51,0
337,30.9,15,28614.46,0
795,68.6,8,8999.76,1
257,25.7,11,42402.99,0
104,36.6,1,6267.4,1
702,47.1,12,7608.41,1
37,74.2,15,45535.0,0
792,37.5,8,38164.93,1
1638,54.8,11,1545.55,0
1205,52.7,7,37426.34,1
1616,69.2,3,12061.52,1
123,39.9,6,33743.62,0
997,47.7,5,21904.06,1
1175,27.6,7,30082.64,0
1161,35.2,1,7264.31,1
7,61.5,11,11396.43,0
402,42.1,10,1266.31,0
1842,65.0,1,16494.9,1
1606,42.0,11,42884.24,0
1662,20.7,9,28297.54,0
1242,64.1,11,32882.26,1
613,38.1,2,48676.61,0
1602,33.6,10,34132.82,0
245,30.5,12,3179.2,0
54,35.9,12,39331.18,0
578,60.2,9,4243.13,0
363,50.1,11,32833.46,0
627,33.0,15,27480.95,0
1687,38.1,5,27568.86,0
1633,27.1,9,43996.7,1
674,46.8,1,18467.32,1
641,69.8,10,9261.34,1
568,63.2,12,38004.16,1
1489,65.5,2,28117.93,0
994,26.2,13,20544.16,1
409,66.0,12,10727.08,1
1635,46.7,14,11552.39,1
770,35.6,3,40038.49,0
665,39.4,7,26225.02,1
1023,68.2,13,45837.64,0
1941,36.2,12,24011.18,0
69,38.4,14,18514.31,1
1882,66.3,14,29972.92,1
1552,65.9,1,27614.0,1
1357,59.6,2,38222.69,0
933,44.9,14,19768.97,0
1948,73.3,9,24727.43,0
1395,68.7,10,24611.67,0
1170,30.6,1,41177.52,1
196,66.4,4,41384.79,1
1051,60.1,12,31655.96,1
1579,69.7,9,5215.78,1
795,42.1,1,1035.89,0
557,30.4,14,12500.77,1
208,69.6,3,8157.58,0
1724,66.8,14,23466.76,1
1625,43.0,11,4885.31,0
944,40.4,12,636.49,0
1284,70.5,4,39376.71,1
1068,49.7,14,48129.43,1
1349,24.9,13,49561.76,0
584,38.0,15,11216.64,1
1669,69.6,5,48429.88,1
1492,62.0,9,28967.8,0
604,63.3,5,3181.71,0
1949,48.5,11,18405.18,0
649,29.1,2,24497.65,0
437,43.2,3,5269.38,0
1736,72.0,10,21770.91,0
40,36.2,10,26375.57,0
1138,27.9,1,17452.87,1
452,38.3,3,47308.18,0
1728,32.9,6,21677.31,0
1973,67.2,13,17067.81,1
670,31.2,10,22604.03,1
295,61.7,11,6174.78,1
1295,30.3,9,39052.95,0
1172,45.3,12,18052.0,0
1825,47.7,3,16872.46,0
763,26.4,11,18582.02,0
982,59.9,9,42674.69,0
1543,24.1,7,3526.2,0
762,32.4,5,8232.59,0
1000,55.1,11,14969.03,1
1642,26.2,3,47656.87,1
1232,30.7,5,10631.73,1
1752,32.5,7,1144.09,1
1333,26.9,5,10162.18,0
1187,52.2,2,40767.13,0
852,44.7,11,26026.05,1
919,34.0,5,26741.16,0
338,34.4,14,47885.73,1
520,34.5,14,23232.24,1
1723,30.7,13,35362.44,0
947,65.0,13,12124.01,1
670,26.7,12,45750.08,0
1608,50.9,4,40137.51,0
1709,30.8,3,40871.58,0
598,23.2,13,16430.41,0
1856,39.1,1,18278.92,1
1938,71.1,9,38200.27,0
18,66.7,13,39274.73,0
1440,41.2,12,15454.33,1
1774,49.5,10,7325.45,0
1074,70.8,12,47027.74,0
333,24.6,2,7476.0,0
58,30.9,13,29507.37,1
188,32.9,1,39729.61,0
1363,28.1,13,4460.25,0
256,66.3,8,15288.24,1
800,51.9,7,40823.55,1
1677,59.9,12,2339.89,1
206,40.5,4,42829.75,1
1303,42.4,4,2783.78,1
59,26.7,7,5473.88,1
708,20.9,15,11565.21,1
1931,33.2,9,29806.29,1
641,39.1,6,31804.99,1
70,46.5,3,36097.29,0
1477,35.5,7,1338.36,1
328,41.4,1,4319.54,0
754,57.1,5,32557.74,1
1264,33.1,1,1939.88,1
762,30.9,7,3086.89,0
1534,33.5,1,31978.06,1
496,26.8,7,32877.2,0
1886,52.5,5,7227.33,0
582,54.2,10,7221.47,0
610,49.5,8,4658.07,0
1754,57.9,11,12462.67,1
1770,66.5,13,13269.94,1
1714,61.4,14,36548.68,0
1932,34.7,5,43162.01,0
1734,70.0,3,36942.17,1
1034,69.7,5,47150.28,1
971,62.7,10,33544.27,0
680,31.9,15,39461.55,1
1076,45.1,3,6540.91,0
1358,42.5,12,41290.92,1
150,34.6,2,38604.14,1
701,20.2,4,14733.4,0
1545,63.8,3,35726.72,1
1929,45.1,2,45261.86,1
596,53.6,3,6980.58,0
178,37.9,2,38191.74,0
1958,41.2,3,11916.98,0
1228,29.0,10,28559.91,0
1435,33.0,3,26449.1,0
708,43.8,7,49566.57,0
390,43.3,9,3294.65,0
1804,22.5,13,10149.23,1
1968,18.9,6,14057.36,0
1064,37.2,8,11227.07,1
571,51.4,3,46592.13,1
715,22.2,8,29281.27,0
960,68.3,7,46017.06,0
770,30.8,14,28977.77,1
537,40.3,8,7438.87,1
1140,56.6,4,13278.86,0
798,45.7,3,3791.17,0
971,29.0,8,42349.05,1
93,34.7,7,24002.56,0
125,31.1,15,34378.17,1
286,18.5,7,1415.89,1
670,64.1,5,49329.46,0
928,29.6,7,12107.82,0
573,50.6,13,32050.85,1
1952,66.2,1,26381.11,0
413,27.0,4,23636.63,0
1299,32.8,15,7496.95,1
1291,56.0,15,33508.17,1
1163,29.5,8,31928.8,1
816,19.4,14,45843.6,1
1094,28.0,5,13571.36,0
1115,23.1,11,2209.11,1
1613,72.2,12,30637.61,1
1077,65.3,5,33789.04,0
331,53.9,2,28728.81,1
1017,19.9,4,3592.03,1
696,37.3,2,42461.58,0
347,69.7,3,42376.35,1
572,54.4,9,44422.13,1
20,29.0,15,4578.46,0
623,43.9,12,34643.84,1
1758,40.6,12,46176.77,0
334,66.7,5,7271.52,0
892,37.1,1,27135.66,1
992,59.8,13,26065.45,0
1777,19.3,3,27184.44,0
856,35.9,4,26427.26,0
1768,27.1,3,915.8,0
1543,63.0,8,24767.98,0
483,28.8,6,43862.35,1
36,44.9,12,27088.27,1
752,18.6,13,17043.73,1
1952,23.3,8,17034.27,1
1063,70.5,15,23369.17,0
1167,51.0,15,2383.53,0
1168,54.2,12,12781.18,1
1274,51.0,13,18775.35,0
3,71.0,1,45115.25,0
743,43.6,13,35288.12,1
1541,54.6,2,48220.52,1
524,34.7,13,47934.15,0
136,19.1,12,12687.4,1
329,66.6,7,32293.56,0
1066,75.0,6,43131.57,1
1858,60.2,12,1051.33,0
2,66.2,7,19958.37,0
854,69.7,8,1599.34,0
974,53.2,7,44735.86,0
960,33.3,4,40892.03,0
1756,57.3,2,33890.53,0
1517,52.5,9,30561.58,0
1648,63.1,12,27627.83,1
1295,18.6,11,49617.57,1
373,35.1,8,38197.1,1
484,74.4,15,7976.43,0
908,25.7,3,34184.67,0
1330,26.5,12,22886.47,1
1732,56.9,14,46156.26,1
1818,59.5,1,31419.46,1
877,25.2,2,6114.98,0
1622,51.5,15,7199.88,1
1079,56.9,1,37108.16,1
1350,21.6,13,21027.63,1
73,72.9,5,45959.83,0
1432,23.6,5,29802.49,1
1954,74.2,5,26020.64,0
1039,74.8,1,2056.52,0
1443,55.1,14,33386.84,0
1097,69.4,5,39704.34,0
624,27.3,3,6541.6,0
1643,38.1,4,41349.07,1
1033,62.9,14,30701.02,0
1710,40.0,13,18134.21,1
1459,29.7,6,1250.27,1
618,58.7,11,47549.87,1
749,68.7,14,37359.66,1
944,35.6,6,10296.79,0
1718,66.4,5,40250.79,1
136,64.9,11,25830.87,1
398,45.1,11,45441.11,0
1462,64.1,8,38065.68,0
1704,61.5,11,31008.4,0
490,61.4,5,39909.46,0
1894,67.8,4,20099.87,1
364,66.0,1,15607.48,0
1806,35.4,11,33288.38,0
831,55.8,14,9584.92,1
893,61.4,13,41657.05,1
569,57.2,9,40377.81,1
765,49.8,5,43005.1,0
1906,39.9,5,5920.13,1
1727,24.5,1,45309.5,1
134,43.2,9,36427.04,0
1805,45.6,10,43174.79,1
883,38.2,13,2961.7,1
1668,60.0,5,22859.32,0
1959,36.2,10,46482.37,0
729,59.9,9,8778.51,1
1479,33.0,6,48261.07,1
1635,29.0,14,34297.03,1
262,21.4,10,15687.84,0
695,74.9,12,30652.0,0
1842,60.5,13,35748.79,1
1716,43.3,7,13927.7,1
954,28.5,5,44995.07,1
472,39.0,13,10427.27,0
1424,71.3,6,27208.24,0
707,46.8,1,32113.76,1
1037,19.3,15,551.46,1
110,38.1,6,29999.64,0
1087,73.7,9,14134.42,0
51,56.8,7,31603.85,0
851,64.9,7,19607.73,0
1514,37.4,15,8806.85,0
1706,73.8,12,38942.38,0
130,20.8,12,11865.64,0
1009,33.6,12,1675.87,1
1595,71.1,1,23898.63,0
728,68.4,2,13376.86,0
1571,50.1,12,46502.69,0
1218,52.2,2,30519.92,0
1144,42.5,7,34277.14,1
976,29.9,7,16738.52,0
266,23.8,14,49864.14,1
1390,41.0,1,37706.47,0
1244,44.5,4,44334.88,0
1309,18.5,7,6004.38,0
1702,37.2,13,16441.81,0
732,61.2,5,20161.06,1
1576,65.4,14,37707.9,1
992,53.0,7,42967.29,0
1593,30.9,3,27183.03,0
890,55.8,7,17741.65,0
1514,64.9,8,25241.78,1
1738,41.2,6,46663.34,1
755,24.2,14,7131.05,0
537,35.0,12,48836.82,0
767,58.3,4,32174.99,1
705,51.4,6,13136.21,0
1458,33.6,15,16232.45,1
1530,43.8,2,7908.26,0
185,30.7,6,33504.53,0
42,35.0,9,1654.26,0
970,42.9,15,23430.17,0
1442,35.8,7,33228.92,0
1377,58.6,3,38729.12,1
1427,51.8,3,4333.86,0
717,27.2,12,25203.1,0
306,26.7,10,24784.27,0
308,44.2,11,21542.6,0
329,74.3,9,42333.53,0
1083,45.1,14,24816.21,0
569,30.3,15,2331.26,1
726,18.9,7,31076.97,1
1764,62.8,5,13074.76,0
759,63.0,9,45093.33,1
368,62.6,4,663.97,1
1121,38.2,5,21615.88,0
1966,32.4,9,11792.34,1
893,46.7,1,49203.41,0
9,30.3,4,35315.42,0
1065,19.2,13,46289.79,0
865,53.9,15,19745.7,1
1274,61.3,13,48235.41,1
1382,54.8,7,24773.57,0
608,54.1,14,36633.79,1
1599,67.1,9,47024.37,0
13,51.4,12,24752.9,0
630,38.7,11,7595.2,0
1328,58.1,13,30929.62,1
427,63.8,1,49424.92,1
1911,30.5,8,2110.15,0
852,36.2,15,32846.97,1
1550,66.4,2,33664.92,1
784,47.2,14,5375.24,1
932,39.8,9,11017.1,0
501,28.1,5,29329.56,0
761,39.9,1,557.85,1
1742,50.3,2,15924.37,1
468,58.2,11,12183.09,0
642,48.4,6,32277.39,1
1344,66.3,14,27327.81,0
58,56.4,5,18905.64,1
1235,37.2,13,48221.69,0
619,52.4,1,46387.58,1
189,30.6,4,42699.11,1
1557,67.0,3,49749.33,0
1246,29.3,12,10098.79,0
1712,36.7,4,16141.17,1
758,66.5,12,16213.87,1
1131,58.4,6,23337.46,1
1181,41.0,14,48864.23,1
129,46.4,2,49618.66,0
1052,29.0,7,7157.96,0
468,56.7,12,18590.15,1
461,55.9,6,41680.72,0
1784,72.8,5,11172.22,1
252,28.7,9,42849.41,1
1219,26.7,9,2022.23,1
242,53.6,2,17157.19,0
1035,46.5,3,26762.57,0
441,29.5,10,37303.72,0
1614,57.8,3,20325.54,1
34,69.3,2,32787.43,1
1957,56.9,4,1360.34,0
801,61.4,8,40784.85,0
914,73.1,15,19445.11,1
1198,47.2,6,47570.02,1
541,32.9,15,12800.42,0
433,72.2,11,10987.95,1
123,70.8,8,8924.83,0
444,19.1,7,45518.78,0
1238,22.1,7,28687.75,0
1967,57.8,5,21167.15,1
159,33.4,13,41703.87,0
1122,72.5,9,30668.89,0
282,39.2,8,49860.04,1
304,37.3,7,11781.09,1
864,71.3,1,8847.48,1
1703,64.0,15,31019.31,0
1518,46.6,15,11419.74,1
958,62.3,3,13236.18,0
1374,58.8,5,6907.52,1
1500,56.5,2,41773.86,1
1864,27.3,4,48749.52,1
1681,43.7,12,30051.1,0
1344,60.2,5,20192.05,1
1717,67.4,4,39337.46,1
348,29.9,10,9749.63,1
1224,45.0,6,18743.95,1
1599,67.1,6,9274.7,1
1751,61.8,5,630.66,0
1126,36.2,13,10552.82,0
443,50.5,14,36633.87,1
310,44.1,15,48909.72,1
207,74.8,1,13030.1,1
20,59.1,5,9759.81,1
1791,50.5,14,27631.64,0
626,20.4,10,46287.08,1
515,23.9,15,16111.24,1
1762,32.5,1,12978.4,0
1073,31.7,10,41385.15,0
582,70.8,13,14500.34,1
373,46.3,1,1839.25,1
1937,40.7,10,35775.51,1
970,55.9,14,44127.46,0
1193,31.0,9,36996.67,1
1450,55.0,5,44655.98,1
931,66.7,10,47326.05,1
1130,71.9,7,31428.79,0
560,40.0,10,28907.56,0
504,65.1,4,41329.47,1
1418,67.4,10,35237.3,0
645,52.9,8,21846.37,0
27,56.6,4,25239.44,1
22,63.6,15,817.77,1
643,74.9,13,8640.29,0
1739,58.6,13,21101.55,1
559,68.0,6,3947.44,0
1069,54.7,13,20905.5,1
90,51.3,2,11826.74,1
4,58.8,9,41624.3,1
340,19.3,2,8281.08,1
591,49.5,10,30563.01,1
1809,49.4,4,43969.26,1
1585,40.8,15,27012.32,0
1298,51.9,8,46253.75,1
738,36.3,2,27223.91,0
1764,65.0,15,42724.62,0
1871,36.5,10,44438.13,1
1610,31.4,9,31759.78,0
368,39.9,12,35968.93,0
1331,42.8,5,14058.99,1
992,69.3,11,19136.13,0
529,72.4,15,37945.8,1
1270,60.5,9,35347.33,1
1474,62.6,11,41189.02,1
1361,61.0,12,11774.21,1
168,58.9,2,22270.36,0
920,73.1,4,18269.63,1
1941,39.8,11,38530.97,0
993,67.5,9,18340.02,0
158,55.0,1,36067.27,0
79,24.7,9,15242.54,1
1949,23.0,15,10474.27,0
1756,30.9,8,14177.05,0
12,35.3,8,7667.74,0
1725,57.8,13,42981.65,0
805,43.6,7,43657.63,1
1812,24.9,2,45156.41,0
1872,46.2,5,48365.58,1
1799,67.9,11,47754.36,1
1990,61.7,15,47824.55,1
1591,21.7,13,32579.66,0
727,27.1,4,45939.96,1
637,53.3,1,29015.21,1
470,47.1,10,7127.9,1
530,73.9,9,36286.01,0
951,20.8,12,16788.21,1
397,44.6,4,17673.79,0
790,54.6,2,8329.03,1
219,47.3,2,31449.35,0
524,34.8,13,11523.89,0
866,58.4,1,26507.9,1
724,34.0,7,30325.14,0
998,62.4,8,26689.87,0
345,31.0,14,23459.2,1
582,33.7,13,26524.19,0
1893,41.4,12,15595.43,0
1866,68.6,12,27057.48,0
625,29.0,1,27618.51,1
1202,36.1,9,14351.96,0
581,45.5,1,30816.56,1
1436,32.1,8,4176.78,1
597,49.2,8,10751.22,0
1885,62.0,3,29188.57,1
965,49.9,10,44806.6,0
326,27.9,5,5289.31,1
877,33.5,3,3759.6,1
1502,31.1,5,15280.08,1
1430,24.0,2,49779.76,0
127,21.4,13,42655.36,0
1747,54.8,11,6496.03,1
1428,46.0,7,16332.38,0
1152,23.5,3,34460.47,1
1098,70.7,6,49077.21,1
1375,37.8,6,5974.41,1
1529,33.7,4,5833.25,1
1793,42.1,13,36933.24,0
493,40.8,4,14898.48,0
1326,56.1,3,32178.98,1
1215,65.4,2,26247.03,0
1447,52.8,6,6477.57,1
751,72.1,5,21894.82,0
1642,39.2,11,8930.16,0
452,29.5,6,48066.61,0
686,33.9,8,18355.33,1
1559,21.2,10,23226.14,0
611,43.5,9,49202.43,1
488,63.4,14,45380.39,1
346,48.0,10,27733.66,1
50,27.4,7,21878.52,1
1516,74.2,9,18311.28,0
607,56.5,8,9356.79,1
685,66.5,14,24976.6,0
1725,23.8,5,46062.23,1
491,45.1,6,47456.48,0
495,33.7,10,46091.04,1
1643,47.9,5,27128.85,1
1996,62.5,6,6826.86,0
755,67.4,4,30870.48,1
468,33.8,8,48842.02,0
498,34.3,8,10024.98,1
932,28.6,15,38699.48,1
1692,73.3,5,35191.62,1
487,21.6,15,31635.56,1
248,58.9,11,9731.9,1
949,34.0,7,38564.17,0
1431,51.7,10,4076.25,1
1651,37.2,15,21814.08,1
1206,54.5,5,1767.11,0
1383,35.7,1,46116.25,1
148,71.9,8,38637.24,1
472,58.0,8,40105.12,1
1008,51.6,8,29388.12,1
903,24.5,13,18109.71,0
889,64.2,10,8100.66,0
443,53.2,12,1221.7,1
659,50.3,3,11571.95,0
1605,40.4,1,28250.36,1
1591,62.0,2,11047.59,1
347,61.4,13,8941.64,0
1490,42.4,4,19391.49,1
1451,24.9,14,10434.97,1
1111,35.1,14,8433.39,0
1508,66.4,1,35391.71,1
1764,55.3,8,10720.59,1
1963,73.2,2,18438.99,1
442,59.2,3,41648.07,1
1906,71.4,11,38562.18,0
1934,69.7,8,22166.58,1
1511,43.9,3,41658.29,1
668,73.3,7,25832.62,1
1235,54.3,6,20091.33,0
906,32.9,13,6013.01,1
975,43.4,12,35437.85,0
930,29.8,4,40634.5,1
785,64.2,4,23478.06,1
829,52.2,5,46743.93,0
1372,50.0,2,19515.87,1
937,29.2,3,29615.36,0
403,70.8,12,24316.59,1
1832,67.9,5,22896.99,0
1448,41.7,7,18625.76,0
389,55.8,15,32033.05,1
1860,54.4,10,7926.37,1
630,58.9,10,39995.64,0
1960,25.3,4,13949.87,1
326,64.4,4,40703.31,1
1286,28.5,5,38163.78,0
1092,37.8,1,36287.35,1
657,63.1,6,9359.18,1
683,20.1,9,20650.03,0
981,22.3,10,22990.4,1
1159,72.5,10,22732.39,0
887,21.5,14,38618.0,1
1644,29.7,6,27694.98,0
566,51.7,10,6672.63,1
1965,19.3,8,16204.46,1
340,57.5,14,24368.2,1
389,49.7,4,22344.14,0
603,36.2,12,41458.81,0
1,47.4,3,43312.43,1
1090,64.3,2,32769.46,1
865,40.2,11,22006.42,0
653,46.3,14,34526.18,1
1585,48.5,2,45444.71,0
906,58.1,10,38939.23,0
417,55.1,1,9070.36,1
639,23.8,1,44525.28,0
586,44.9,9,18282.05,0
775,46.7,12,47315.69,1
21,30.4,11,45829.64,1
414,30.9,4,2214.52,0
1656,36.8,12,7584.75,1
18,65.7,8,22798.22,1
1659,19.9,6,29267.8,0
1571,25.3,2,25102.51,1
971,33.2,14,14353.3,0
193,60.1,14,41825.71,1
663,42.9,7,22354.86,1
1015,63.6,7,31401.3,1
992,44.5,10,33625.56,1
1936,25.7,11,21912.38,0
1994,47.1,9,22388.54,1
987,23.8,4,7631.01,0
904,72.4,2,26086.13,1
145,25.3,10,49727.01,1
1254,22.3,10,23556.44,0
324,38.7,1,26245.69,1
572,38.5,15,38221.83,1
1802,61.4,15,47166.65,0
894,36.3,1,37545.27,1
1503,46.8,10,32469.61,0
366,72.6,10,23322.05,0
1001,48.9,7,16080.13,0
942,70.4,12,21145.05,1
1186,28.2,11,39695.77,0
865,68.5,2,16317.78,1
9,73.1,1,46193.87,1
3,33.4,10,44961.53,0
883,58.8,15,32513.33,1
605,22.8,9,6588.99,1
1906,47.3,15,27019.59,0
1186,57.4,6,19933.61,1
523,21.8,2,49319.55,0
1703,74.5,13,32624.16,1
1981,66.6,15,31257.9,0
1871,38.6,3,16960.91,1
178,60.4,12,1485.59,0
903,22.1,5,36406.77,0
1515,27.8,5,13407.48,1
233,65.9,4,17640.62,1
1565,41.2,2,24059.24,1
444,37.8,3,9109.27,1
1113,43.2,6,22423.47,0
107,19.2,11,36737.07,0
1262,68.1,11,2398.79,0
760,43.2,2,20779.47,1
446,41.8,11,1558.4,0
484,30.1,12,28731.46,0
1876,44.1,7,5283.36,0
228,65.7,2,34296.52,0
1620,44.4,13,48885.03,1
1320,71.2,12,45297.18,1
1691,37.1,2,40494.63,1
1001,54.9,5,17645.51,1
1276,37.3,9,3185.47,0
831,22.1,4,25120.47,1
572,49.8,1,33536.5,0
1739,32.4,1,25670.88,1
459,28.0,4,15887.22,1
601,28.5,10,27977.14,1
384,40.2,7,34412.01,0
1083,66.9,10,22504.44,0
977,24.0,15,18191.6,1
1905,71.1,3,28892.25,0
1706,50.3,9,27224.45,1
1756,38.0,15,827.89,0
1434,69.8,7,29183.49,1
505,19.7,11,14525.25,1
110,66.1,5,44867.74,0
458,51.3,14,26494.93,0
1708,41.3,15,39386.45,0
1303,34.5,1,8181.99,0
1433,62.1,10,29697.01,1
113,22.9,11,17903.5,0
240,75.0,2,27803.35,1
467,53.4,2,24659.38,0
1936,28.6,7,10400.58,1
194,26.8,5,48087.71,1
1299,62.8,2,12488.48,1
1597,60.6,12,20772.24,1
1143,46.5,4,9885.48,1
69,29.5,8,24156.53,0
1314,33.3,6,3206.35,1
1908,65.8,14,1247.42,1
594,49.4,11,13828.59,1
1517,64.1,3,22349.96,1
1684,57.9,13,7033.15,1
1878,57.9,6,20679.87,0
259,48.7,15,11102.2,0
78,59.8,10,42536.07,0
726,72.0,8,44571.21,1
1250,42.7,15,6936.95,1
665,69.9,11,24295.52,1
254,60.9,11,7414.28,0
1808,45.0,5,40450.7,0
393,69.7,12,11284.85,1
78,33.6,14,5097.58,0
1474,38.4,3,3131.18,1
753,23.1,11,3505.9,0
1709,28.6,14,4256.57,1
633,52.8,10,21518.89,1
233,24.6,12,13630.53,1
1261,57.6,11,21739.41,1
537,44.3,14,25867.74,0
1386,67.8,6,41967.69,0
1881,67.8,4,29376.58,0
1462,37.3,15,30367.03,0
1167,72.6,6,6551.36,1
616,25.1,14,863.85,1
561,43.4,9,10457.1,0
436,53.3,10,1416.0,1
1410,49.6,1,37146.24,1
1627,52.9,15,43328.5,0
871,36.9,14,23013.91,1
999,46.1,13,24347.43,1
492,72.7,5,20530.76,1
467,44.9,1,41821.8,1
1591,73.6,3,4911.38,1
1668,48.3,11,43068.56,1
789,65.3,15,38138.09,1
1812,20.4,7,39468.51,0
267,65.8,12,45447.45,0
340,61.5,5,8409.54,0
1197,74.2,1,1317.94,0
327,20.5,12,37754.09,1
438,25.7,2,4409.68,0
417,62.4,13,16802.93,1
85,55.7,1,2477.18,1
1415,59.8,12,12002.98,1
962,29.8,2,3485.32,0
655,71.0,2,29864.59,0
347,57.7,1,45111.32,1
1115,53.4,5,34184.39,0
855,52.1,7,35441.89,0
1900,48.6,12,43167.46,1
667,66.5,15,25850.14,0
1867,59.8,3,8462.4,0
7,21.0,1,29231.82,1
19,46.3,12,44444.34,0
442,25.1,13,5897.31,0
1388,71.5,10,14797.01,1
1866,74.3,2,9278.33,0
1445,47.1,2,22652.24,1
470,19.0,7,29669.63,1
330,32.0,15,22804.58,0
265,52.8,7,12083.87,0
295,32.1,6,47340.28,0
1009,44.7,12,2684.09,0
1760,60.7,5,47222.09,1
983,60.4,8,31085.9,1
388,74.9,9,9681.91,0
1248,73.9,14,34822.48,0
98,49.0,4,44591.64,1
436,19.9,4,15744.19,1
1735,24.8,4,39079.91,1
404,63.4,13,27552.95,1
1299,47.5,3,17577.16,1
1774,23.1,14,10504.95,1
253,40.5,1,34702.33,0
125,44.2,4,49570.25,1
929,64.1,9,33908.55,1
1665,71.2,9,31017.21,0
611,73.5,14,11670.73,1
1918,40.6,10,2759.29,1
1928,36.2,5,34476.24,0
203,42.4,9,1436.34,0
1199,65.2,3,20392.89,0
1329,53.4,3,48897.04,0
755,33.3,9,29592.63,1
1612,38.0,9,43152.66,0
1819,23.8,4,32528.32,1
543,70.1,1,812.28,0
936,44.4,1,6085.77,0
1986,67.4,1,28668.54,1
633,49.9,6,29466.14,1
1249,40.3,10,18285.99,1
1105,69.5,8,44132.59,0
1419,70.7,14,21267.82,0
1870,21.0,5,49632.01,0
623,63.0,9,15481.55,1
904,35.2,4,31089.64,1
97,23.5,1,33766.7,0
219,30.6,6,1846.7,0
290,33.1,11,34963.27,1
81,39.5,3,19718.79,0
1694,45.1,15,13097.19,0
1832,26.7,3,1280.64,1
1007,65.0,4,40713.75,1
1102,30.7,7,17817.28,0
1817,60.5,2,5572.84,1
1926,19.2,13,31880.79,0
455,34.0,3,11340.67,0
532,54.4,7,35668.4,0
1057,51.7,11,13301.19,0
1194,69.6,6,14410.54,1
1363,54.0,3,29989.33,0
1210,30.2,11,19130.15,0
443,60.6,8,32252.87,0
1995,32.1,8,21253.92,0
751,57.2,5,20654.16,1
820,18.6,7,41429.34,0
1025,70.8,11,25592.56,0
341,65.3,5,23839.77,1
1236,71.9,1,41596.98,1
477,51.8,7,2051.34,1
1717,50.3,3,15422.13,0
469,63.2,7,24715.26,0
307,57.7,14,25976.93,1
489,37.5,2,3632.59,0
43,67.4,14,9583.28,1
861,18.8,8,6728.45,0
1480,21.6,8,12435.31,1
975,59.1,5,13152.75,0
1791,25.1,11,3629.54,1
218,68.1,3,43612.22,0
534,27.3,6,38219.81,1
1115,54.7,7,19008.0,0
1807,47.2,7,45731.46,0
1758,22.8,8,2996.36,1
259,22.0,7,37396.75,0
358,30.4,6,27023.48,0
392,55.4,4,5432.44,1
1870,32.9,7,41435.52,0
1181,55.8,11,3121.86,1
655,67.5,15,23170.41,1
996,63.4,12,1466.24,0
505,22.7,3,30293.89,0
1307,59.5,5,40471.67,1
226,42.7,13,37442.49,1
1812,65.4,7,34645.65,0
1876,67.8,15,30994.88,1
150,54.1,11,17988.78,0
133,43.2,5,16482.33,1
1392,50.8,3,10115.77,1
1760,20.2,5,48102.15,1
1611,25.4,1,12414.08,0
1973,67.9,6,19178.41,1
63,67.7,9,4035.85,1
1695,50.6,3,8191.46,0
1903,57.6,10,8070.0,0
253,30.6,1,42611.34,1
1855,59.3,8,49123.68,0
1152,71.3,14,40541.69,0
1065,59.6,5,16080.32,0
106,22.8,11,9955.41,0
775,58.6,1,11296.84,1
1006,73.3,12,12346.67,1
834,71.5,7,616.2,0
1594,43.7,8,47917.17,0
1766,61.8,9,43806.16,0
438,65.2,12,40752.76,0
297,31.4,7,7946.99,0
915,74.5,13,1468.2,0
322,47.4,7,13562.48,1
391,28.6,9,1248.48,0
61,60.5,6,41045.71,0
186,46.7,3,15985.59,1
201,68.1,4,48601.26,1
1850,40.0,1,17055.43,0
1201,58.9,7,29947.11,1
651,43.3,8,922.27,1
411,23.9,1,35540.67,1
1401,68.4,5,17530.98,1
293,46.5,5,47239.89,1
1951,62.3,8,47409.79,0
653,25.0,1,2280.0,0
1819,61.8,7,43890.01,1
739,69.4,3,16719.36,1
354,45.8,8,31420.24,1
1187,22.4,5,36847.86,1
102,65.3,3,48219.28,1
1814,74.4,3,29086.82,1
698,30.2,6,45661.01,1
538,71.4,13,47531.92,0
1037,28.9,5,29355.63,0
810,70.4,13,33933.27,0
1354,62.3,7,14223.01,1
501,52.6,7,5090.53,1
1606,36.7,6,9671.67,1
1080,47.5,11,18821.52,0
381,23.7,14,19295.72,1
484,24.5,8,49521.84,1
1978,65.4,8,36612.97,1
1696,58.7,11,37303.49,1
1265,66.6,4,17636.74,1
928,28.0,10,14085.31,0
1200,72.3,4,656.7,1
84,51.0,2,42971.78,1
389,29.1,11,24686.76,1
696,40.7,14,19304.95,0
1984,29.1,3,20996.46,0
989,30.4,3,5500.15,1
1650,37.7,9,23090.61,1
133,59.1,7,5316.61,0
255,61.8,13,502.9,0
1637,66.4,5,30683.66,0
1717,64.9,12,31045.1,0
395,35.4,9,49292.66,1
765,19.4,10,29298.9,1
165,25.1,9,48537.68,0
588,58.0,14,5611.84,0
853,71.3,8,7822.36,1
1657,52.1,10,32134.21,0
1881,67.2,15,13973.32,1
1587,27.7,2,19773.48,1
1600,72.0,4,28561.19,0
588,54.5,6,42929.55,1
982,20.4,10,22775.31,0
1192,62.9,3,29647.42,0
202,51.2,8,16558.26,0
955,51.1,6,27646.13,0
1000,44.4,10,27166.62,1
773,69.5,15,19180.91,1
1640,51.1,11,15298.32,1
1981,41.2,7,40237.22,0
1516,42.6,8,35275.5,0
1838,52.3,15,8550.09,0
1989,44.2,14,40295.33,0
795,21.5,11,9939.09,1
1568,34.0,11,46744.44,0
893,47.0,8,723.21,0
1963,72.6,8,31741.75,1
1803,21.8,7,11583.34,0
1041,67.8,15,10466.32,1
1,19.9,1,26778.04,1
1813,49.6,2,16210.84,1
1491,52.9,13,10957.74,1
870,62.4,10,47120.93,1
121,29.0,11,13043.17,1
1430,48.0,11,13381.6,0
759,59.1,11,34452.36,0
1097,71.0,12,45487.57,0
1103,32.1,7,17391.61,1
1815,46.2,2,16913.67,0
1423,61.7,15,22633.21,0
1090,36.5,1,9349.44,0
1892,68.3,15,43405.17,0
846,52.7,3,34119.44,0
982,30.8,15,38475.57,1
63,41.8,4,895.29,1
1940,18.8,5,1436.58,0
470,46.7,1,41696.7,1
90,31.6,3,1521.69,1
140,24.1,12,12964.77,1
1256,35.9,14,41723.9,1
531,69.5,7,38970.62,0
354,31.6,3,8177.22,1
286,59.0,14,32758.93,0
1451,21.3,1,1041.13,1
309,69.4,9,39715.47,1
561,42.9,10,42106.47,1
375,37.2,10,43636.08,1
1611,73.5,6,28396.44,1
350,51.4,6,33122.21,1
636,56.0,12,37183.69,1
407,66.5,14,35482.59,0
616,73.4,12,25377.89,0
1456,36.5,11,20229.27,1
1163,61.0,10,24600.94,1
1754,40.8,4,35253.01,1
1710,38.6,15,1250.78,1
1666,63.9,1,17414.6,0
1218,72.8,3,19168.35,1
477,38.1,10,4805.62,1
1428,47.1,1,5212.68,1
930,18.7,8,20022.48,1
757,42.9,3,16624.28,0
333,49.3,3,48015.82,0
919,69.1,9,6486.6,0
729,50.9,10,15444.32,0
659,70.6,6,46447.31,0
374,35.9,8,39850.99,1
1349,46.4,3,5594.89,1
1371,48.0,12,4231.87,0
988,43.1,8,37314.72,1
1071,41.4,7,27902.86,0
166,39.8,3,10030.3,0
1458,22.2,2,24711.83,0
397,38.9,9,20021.43,0
1278,25.4,11,48773.25,0
853,39.5,6,25613.22,1
107,69.6,5,16845.3,1
1486,29.7,5,20196.32,1
298,37.3,12,9417.74,1
1142,31.8,8,14497.51,1
682,47.1,5,15246.75,0
1265,26.2,3,33430.4,1
900,56.4,13,44560.51,0
1447,53.6,8,41180.98,1
947,57.1,14,36316.08,0
470,70.6,3,35929.74,1
1267,28.8,7,33054.6,1
1715,56.1,11,7564.07,1
1168,39.5,4,44511.07,0
1151,43.7,5,9663.62,1
1181,38.7,11,8260.93,0
1346,72.1,6,10650.07,0
1841,21.2,10,13329.17,0
1233,18.4,10,7316.96,0
1523,33.6,11,33133.71,0
1817,21.9,5,6359.66,1
918,48.7,14,33092.91,0
163,44.1,12,7890.66,1
1263,26.1,1,21537.57,0
1095,51.1,15,46958.89,1
800,50.1,2,3204.6,1
994,30.7,5,21839.64,1
1822,31.6,10,22070.69,0
771,56.7,12,7433.02,1
448,30.2,15,44323.35,0
949,61.7,13,32592.96,0
1363,64.3,8,37315.62,0
1968,70.1,7,42129.1,1
912,27.1,5,41965.88,0
287,57.1,1,13409.75,1
1273,26.2,11,46674.45,1
329,55.2,10,9479.88,0
351,26.5,6,43880.46,0
155,43.1,4,5696.64,1
1654,70.7,3,28735.39,1
771,40.7,10,5766.53,0
673,57.4,12,1779.01,0
892,64.4,7,679.11,0
1467,68.1,7,4195.38,1
788,69.1,2,32823.29,0
78,33.7,10,15672.2,1
1350,59.5,15,5795.8,0
1314,47.1,12,29145.57,1
1021,25.6,12,43237.42,1
1758,68.4,5,6120.26,1
740,39.8,9,38330.74,0
174,39.1,9,22251.25,0
586,36.3,5,31738.97,1
42,36.9,8,47025.09,0
1442,32.0,2,37118.26,0
1978,58.2,4,17933.55,1
917,62.8,8,39518.56,1
1247,63.9,1,21676.65,1
1644,50.3,13,20796.98,0
223,32.7,14,2102.53,1
1577,45.1,11,18574.45,1
520,55.4,6,15282.47,1
548,63.0,15,14274.4,1
618,62.7,14,43438.13,1
470,34.4,3,31104.13,1
1767,74.2,6,17988.58,0
274,73.9,7,22032.52,0
514,69.1,6,17177.69,1
1726,58.1,14,47680.64,0
485,62.9,5,34677.33,1
1722,45.8,10,24048.13,1
473,74.8,4,16231.61,0
423,47.4,13,21430.11,0
1460,56.9,10,43165.35,0
1379,68.9,3,24270.83,0
1251,48.5,5,36339.38,1
1744,39.7,10,48467.56,0
1440,26.9,14,21075.03,0
1306,37.4,5,30502.12,0
1770,56.8,8,15436.81,0
288,42.7,6,27538.43,0
476,26.9,8,41814.9,1
523,64.9,14,3756.52,0
1629,49.5,2,48842.26,0
74,51.7,14,24271.61,0
1418,45.6,8,23093.43,1
1799,42.5,1,49507.2,1
207,38.6,6,11273.52,1
284,49.0,7,9809.2,1
397,62.9,9,34040.64,0
577,26.0,9,33440.37,0
1657,21.5,3,21704.5,1
280,60.1,12,41314.48,0
742,34.5,15,43873.58,0
259,69.4,2,31728.84,0
1956,35.6,8,2735.18,1
263,53.5,11,21196.42,1
1411,37.7,7,46680.35,0
782,32.5,10,11416.66,1
681,26.7,3,41471.67,1
1906,43.3,1,18210.25,1
9,59.0,8,8556.85,1
14,66.3,15,41568.01,0
343,19.1,7,48457.09,0
589,30.0,8,4594.51,1
1647,44.1,11,21724.19,1
1540,41.2,1,11841.64,0
780,47.9,11,19586.55,0
1537,69.4,3,5530.59,0
703,66.7,7,3077.44,0
1103,24.3,4,9334.93,0
1932,47.7,10,14539.2,0
460,73.7,9,14950.52,1
1864,22.7,10,27266.63,0
846,42.4,13,29487.74,1
3,56.3,7,9374.32,1
1055,26.5,6,28180.66,0
333,40.1,1,21156.76,1
1102,33.0,3,44300.73,0
27,33.2,7,40578.13,1
824,53.5,4,41533.06,1
612,37.2,5,23703.84,1
1915,29.4,12,40434.99,1
815,45.7,1,33843.2,1
1984,38.8,6,47656.37,1
945,48.0,4,40176.03,1
61,53.1,8,1076.31,0
1410,43.4,3,4261.84,1
847,66.5,9,48996.16,1
1365,60.1,1,41324.24,1
1876,22.2,4,22790.63,0
774,48.2,7,39558.22,1
1797,65.1,8,29196.44,1
459,68.5,10,37689.93,0
299,56.3,15,14537.38,1
628,18.2,12,15465.06,0
496,24.1,13,2820.57,0
162,57.7,3,38710.57,0
1209,36.0,6,48462.06,0
1139,61.1,13,4507.48,1
70,65.1,1,32411.31,0
1939,19.7,8,17568.29,0
521,52.6,15,7820.36,0
710,61.3,14,38594.62,1
1344,74.7,7,41836.63,0
79,34.1,7,31857.84,1
666,19.1,1,38371.0,1
636,71.9,1,9647.43,1
1217,66.0,11,29688.47,1
1784,32.4,5,36472.27,0
1429,38.6,6,32124.96,0
409,47.8,4,15318.05,0
1983,65.3,2,10236.82,1
1512,36.2,13,27892.82,0
1828,29.0,4,34505.52,1
37,22.2,7,14163.82,0
1657,27.9,1,10757.34,1
1717,21.4,5,3353.99,0
679,27.8,2,41860.54,1
1471,33.6,13,47893.61,1
836,36.0,4,44389.22,0
444,39.2,8,6974.32,1
512,45.8,7,8243.21,1
1632,39.0,15,27450.3,0
731,68.7,7,28547.59,0
172,47.8,5,12058.21,0
1033,64.8,5,27622.7,1
1921,66.5,12,33184.03,1
1523,56.3,13,8166.39,0
1180,31.4,9,4201.14,0
12,54.3,6,48057.25,0
938,19.9,13,33786.31,0
442,52.6,8,29138.97,1
1173,26.7,13,7323.37,0
1137,66.2,14,4613.35,1
1443,64.2,9,27743.38,1
277,25.6,4,11138.85,0
796,73.0,6,31465.74,1
801,37.4,7,5827.96,0
1695,45.7,8,7536.65,1
1563,27.9,2,14469.78,1
813,70.7,11,34070.44,1
744,34.1,9,43297.89,1
1452,55.9,7,48857.91,0
708,60.2,13,29224.66,1
435,28.4,1,40870.82,1
279,55.6,4,39869.38,1
1490,69.1,13,30381.03,1
1729,22.4,13,20252.68,0
626,28.0,5,35404.81,1
1122,30.1,7,8282.28,1
1585,60.7,4,30116.01,1
449,57.7,4,24281.19,1
1052,56.4,10,20403.53,1
1493,58.5,5,17791.37,0
181,50.7,7,36346.95,1
1399,72.4,14,36797.88,0
556,21.9,11,3967.76,1
1526,30.6,4,22556.11,0
1940,70.0,1,36959.26,0
1440,56.0,10,32408.11,1
321,63.8,13,6584.33,0
283,45.8,14,8616.87,0
1181,64.7,2,11904.13,1
471,54.8,14,34069.45,1
1307,34.4,2,12056.66,1
163,41.3,10,19050.68,0
552,46.3,15,42058.5,1
1014,51.9,2,21006.46,0
1156,53.9,10,28691.93,0
1811,48.3,11,24687.09,0
986,24.4,9,45905.95,0
249,27.5,5,16063.5,0
1493,22.0,10,41335.33,1
17,20.5,10,36348.4,0
790,25.4,4,7821.16,1
1439,66.5,3,37539.3,0
1088,30.9,15,34997.06,1
1604,67.5,10,30532.37,0
172,65.9,12,45363.82,0
1403,42.9,12,22373.09,1
1920,21.2,7,45424.87,0
1007,67.2,2,48166.39,0
37,43.9,10,23570.92,0
1285,73.2,13,25442.42,0
505,66.4,2,34442.76,0
103,24.0,1,6404.72,1
1832,48.4,10,3740.02,0
1201,25.9,14,32731.5,1
1807,34.6,13,9288.28,1
1846,51.4,1,33323.56,1
171,46.4,8,36458.44,0
877,33.1,13,18745.62,0
1316,34.1,1,16763.87,1
1539,47.2,8,11332.53,0
922,62.4,2,5606.11,1
978,56.5,4,13385.6,0
1578,33.5,9,11026.39,0
1756,48.4,5,45828.99,0
1105,41.6,1,29721.7,0
1859,35.8,10,20301.62,0
1746,51.0,4,7015.71,1
448,36.0,4,42641.07,1
1396,37.3,12,45723.61,0
1713,70.2,6,21937.56,1
112,18.0,10,46992.91,0
1138,73.5,15,20629.44,1
375,27.7,6,33562.39,1
790,48.4,14,17082.77,0
494,18.8,13,6542.15,1
206,33.5,10,1174.07,0
192,30.2,10,49708.8,0
1469,40.3,4,11472.92,0
466,63.4,10,4364.22,1
1820,69.1,8,9796.28,0
476,39.9,4,4237.24,1
481,59.6,9,24870.32,0
1977,70.1,9,22745.92,0
1505,39.1,13,10046.09,0
629,22.0,3,7603.51,1
11,49.3,4,31393.19,1
1840,29.3,2,870.23,1
969,21.4,10,29434.66,1
1251,40.9,15,46153.1,1
380,70.7,4,42856.98,1
1194,35.3,13,5727.22,1
242,56.1,14,19801.52,1
565,63.3,11,15223.9,1
531,57.3,15,23908.81,0
1651,19.3,12,41821.77,1
47,50.5,2,19452.44,0
1102,70.4,1,22363.33,1
438,58.5,2,40394.11,0
1127,43.1,13,21940.28,0
855,74.7,15,21558.8,1
1464,27.1,8,48669.3,0
754,68.7,13,28704.63,0
1011,29.8,13,30380.15,0
1134,34.3,9,49647.69,1
1075,72.0,11,33419.23,1
1324,61.1,2,3226.9,0
1674,26.3,11,26805.34,1
802,59.4,5,10265.55,0
362,23.0,2,26874.98,0
288,70.8,15,7533.12,1
795,74.9,3,37986.16,0
1875,49.7,6,18345.78,1
239,48.9,14,36210.24,1
1530,55.1,13,16219.92,1
1115,21.1,1,11184.58,1
1196,46.8,2,25158.93,1
712,56.7,12,35533.12,0
1142,35.0,9,29737.36,0
447,21.8,8,5229.91,1
343,42.4,15,12505.42,0
1844,35.6,5,8892.5,1
1477,56.3,12,8940.31,0
1311,23.3,9,21124.52,0
136,41.0,4,5137.18,1
1003,51.7,11,33853.75,1
689,59.2,12,25559.33,0
1250,50.5,1,18218.13,0
293,61.6,15,12428.58,1
774,47.8,1,46577.56,0
1019,56.7,13,17683.81,0
1626,25.7,5,1663.32,0
1603,42.6,6,49857.22,1
511,48.7,13,20854.55,1
1296,43.4,7,49131.34,1
761,36.9,1,7942.08,0
1784,47.4,11,26209.46,0
1450,20.6,13,13971.56,0
1164,42.9,13,20438.96,0
1321,43.9,9,20785.2,1
1813,29.6,15,41036.86,1
1659,70.4,5,41686.85,0
1285,47.4,1,22158.08,0
39,56.8,13,18251.64,0
135,45.5,3,38288.28,1
1626,69.6,15,26262.76,1
1136,21.0,7,14651.83,0
1535,55.5,1,17021.51,1
968,66.4,4,848.67,0
424,48.9,9,39950.48,1
1219,52.8,11,31295.38,1
1842,62.4,5,19103.69,1
63,24.7,1,16054.23,1
1677,49.7,9,49306.37,0
613,25.7,15,6694.01,0
1772,22.6,1,6489.1,1
381,25.6,6,43988.53,0
448,39.1,5,37645.42,0
417,34.7,1,2664.47,1
1477,19.2,10,26693.48,0
40,62.9,14,8258.4,0
653,62.8,1,23094.12,1
1529,74.6,9,28976.89,1
445,54.8,13,32986.67,0
1890,43.0,4,4849.52,0
1603,31.0,14,45268.81,1
1036,32.6,13,20308.54,0
637,66.8,2,12880.29,1
1649,70.5,2,14901.34,1
303,37.5,15,42841.15,1
1344,70.7,1,14623.24,1
879,51.4,14,43421.82,0
975,64.6,8,45589.5,0
269,35.1,15,29775.58,0
289,70.6,4,5331.02,0
1863,54.2,1,36928.28,1
389,65.3,6,32376.29,1
1121,30.3,15,28989.91,0
1907,35.6,15,40943.39,1
195,47.0,3,34374.09,0
1180,40.0,11,11592.69,0
785,40.8,9,4881.34,0
894,41.7,5,44492.53,1
1753,59.6,5,23495.35,0
1400,25.0,1,7285.06,0
963,27.0,1,17691.38,0
115,35.1,8,41252.05,1
88,18.1,5,46643.41,0
726,35.0,4,4661.94,0
613,62.0,6,12213.54,0
383,37.1,14,13124.09,0
1792,46.5,8,18934.46,0
777,19.4,14,38435.98,1
1323,70.5,8,814.83,0
241,72.0,3,12088.83,1
70,27.3,2,31277.97,1
1939,55.3,10,38571.58,1
1740,65.3,5,34242.65,0
1222,33.9,11,36892.61,0
1597,35.5,12,47762.62,0
1218,19.1,12,1037.01,1
1473,18.2,5,5195.13,1
994,64.6,15,47233.9,0
1797,59.8,12,14947.12,1
1356,65.7,15,5836.5,1
90,60.7,2,34239.48,0
1854,52.8,11,17274.39,0
116,73.0,2,14536.9,1
588,68.6,6,6000.09,1
1069,39.1,8,22603.1,1
501,27.7,15,19263.87,1
1131,23.5,3,45562.71,1
817,42.0,14,35877.39,1
151,36.9,13,32321.21,0
1948,64.0,5,29792.82,0
670,48.8,1,48292.7,0
644,44.9,3,22637.83,0
1625,74.9,14,9582.85,0
767,63.4,7,12183.89,0
1930,34.1,13,17518.78,1
791,56.5,14,9635.42,0
1162,19.7,3,47303.98,1
625,31.8,10,33299.16,0
355,24.0,13,12632.3,1
1244,25.8,7,26950.61,1
733,58.6,5,44904.21,1
213,19.1,1,33199.91,1
43,60.9,11,49674.51,1
1128,19.8,12,31508.02,0
1150,65.8,3,3404.89,0
1088,28.3,15,13792.06,1
1370,29.1,13,48721.77,0
942,35.9,5,36633.64,1
1218,41.4,15,8252.96,0
547,48.0,9,11414.7,0
639,53.9,1,34670.29,0
360,72.5,9,34312.48,0
1819,65.2,12,11967.66,1
205,40.1,7,22718.08,0
1846,64.2,7,15639.49,1
911,57.4,1,29935.54,1
578,45.7,8,14357.31,0
896,69.9,14,44984.67,0
1626,38.2,3,18954.25,1
1645,33.3,5,4149.29,0
58,65.1,1,48274.59,0
844,63.8,9,27213.3,1
155,45.5,7,13364.0,0
724,73.4,3,21703.64,1
883,50.7,13,24686.28,0
1669,70.3,3,44433.45,1
293,68.8,1,9135.91,0
1508,27.3,4,16469.02,0
1043,33.9,9,21921.08,0
976,74.5,14,30486.22,1
924,59.1,10,31519.36,0
626,56.3,8,34487.22,0
1552,49.1,11,20458.43,0
1515,23.3,2,32172.54,1
19,46.6,2,15371.58,0
1846,31.5,5,9438.36,1
518,72.8,8,1167.73,0
987,38.5,15,33692.87,1
443,28.0,3,17564.17,0
1839,47.1,2,41622.22,1
1514,60.9,6,3587.09,0
597,43.9,10,34772.69,1
1843,20.9,1,3010.6,1
1012,65.0,3,42140.19,1
1772,18.6,5,1452.7,0
575,39.3,3,17755.44,0
1404,26.1,15,10582.12,1
1239,38.9,1,41995.29,0
840,50.6,9,42448.87,0
859,71.6,2,16307.2,0
15,71.5,1,34512.92,1
1770,21.7,5,33908.79,1
838,56.6,13,31240.0,0
1533,62.9,9,29992.8,0
248,65.7,6,15615.83,1
1438,35.4,9,3851.07,1
747,70.2,2,45990.25,1
1649,53.2,1,49554.54,1
1644,52.2,12,2371.0,0
737,46.8,6,43878.9,0
1548,63.9,14,49519.26,0
887,34.4,6,4970.22,0
1547,62.3,10,17532.5,1
1689,40.1,13,37164.77,1
1314,48.0,2,48498.03,0
976,69.6,5,44006.5,0
1728,52.3,3,7885.67,1
1719,70.1,9,9559.55,0
1463,50.0,15,22131.18,0
1462,21.2,5,16007.84,0
1097,25.0,6,9234.62,1
686,36.4,3,40404.36,1
1783,58.7,14,30913.29,0
1970,49.6,10,44077.58,0
1324,53.8,7,44068.16,1
93,63.7,5,5589.97,0
1547,64.9,15,26614.1,1
1788,33.9,14,47979.22,1
114,66.0,15,44450.88,1
179,49.4,3,27494.33,0
1914,29.7,4,35669.93,0
1768,57.9,5,1085.54,0
975,63.9,14,37736.13,1
1596,67.0,9,2191.5,0
412,33.1,14,23892.79,0
1429,73.5,12,35218.69,1
1574,28.8,13,17962.28,0
1042,40.9,9,24348.84,0
1620,74.8,9,5323.61,1
212,48.5,8,45858.36,0
932,58.4,14,45259.64,1
1017,52.7,1,21185.16,1
226,23.2,6,805.63,0
1,45.8,15,39049.46,0
2000,45.2,15,20633.42,1
1606,53.1,11,21459.81,1
394,23.9,2,49737.08,1
1080,69.9,2,14125.24,0
463,34.9,6,44875.49,0
714,64.2,6,19951.87,1
721,26.9,3,6662.62,1
1780,68.5,5,11490.88,1
1218,49.1,5,33402.7,0
1369,44.7,13,48999.23,1
54,58.3,5,9414.76,0
183,72.2,7,43769.07,0
14,19.1,14,34722.61,1
903,43.6,9,13692.16,1
479,28.8,8,11733.55,0
324,46.0,14,28597.15,0
1089,45.1,15,49335.82,1
1883,70.6,6,24965.22,1
1203,55.4,15,786.61,1
1508,55.1,1,22003.09,1
1881,73.1,6,1532.01,1
454,37.1,13,48474.05,1
978,69.5,1,42301.58,0
1850,51.2,8,9717.02,0
1033,69.5,14,5061.16,1
747,20.5,1,25811.09,1
356,20.2,4,23102.01,1
249,20.8,4,4303.96,0
1976,60.2,8,37156.53,0
26,64.9,14,2322.85,1
1506,31.1,2,35276.09,1
581,61.0,8,26880.18,0
439,24.8,15,43738.29,0
955,25.4,6,31458.66,0
403,36.7,9,27680.74,1
1804,58.5,2,16964.26,0
1803,29.6,10,3525.23,1
1258,69.8,7,1205.36,1
641,42.5,9,5889.5,1
1462,62.8,15,36069.77,1
1157,54.3,3,45842.84,1
964,37.3,5,2443.26,0
1332,69.9,4,11578.3,1
175,30.6,10,48194.03,0
219,19.4,7,31971.05,1
467,47.5,15,35988.83,0
416,48.2,2,18108.6,1
